{"stats":{"minecraft:custom":{"minecraft:jump":28,"minecraft:time_since_rest":5361,"minecraft:play_time":7922,"minecraft:leave_game":1,"minecraft:sprint_one_cm":6640,"minecraft:deaths":1,"minecraft:time_since_death":5328,"minecraft:walk_one_cm":4126,"minecraft:sneak_time":22,"minecraft:total_world_time":7922,"minecraft:fly_one_cm":66043},"minecraft:used":{"minecraft:dried_kelp":2,"minecraft:sugar_cane":59},"minecraft:picked_up":{"minecraft:beef":64,"minecraft:dried_kelp":64,"minecraft:rotten_flesh":64}},"DataVersion":3955}