{"minecraft:recipes/decorations/crafting_table":{"criteria":{"unlock_right_away":"2024-09-28 01:43:34 +0000"},"done":true},"minecraft:adventure/adventuring_time":{"criteria":{"minecraft:beach":"2024-09-28 01:44:00 +0000","minecraft:sunflower_plains":"2024-09-28 01:54:48 +0000","minecraft:river":"2024-09-28 01:44:37 +0000","minecraft:plains":"2024-09-28 01:43:35 +0000"},"done":false},"minecraft:recipes/misc/sugar_from_sugar_cane":{"criteria":{"has_sugar_cane":"2024-09-28 01:44:06 +0000"},"done":true},"minecraft:recipes/misc/paper":{"criteria":{"has_reeds":"2024-09-28 01:44:06 +0000"},"done":true},"minecraft:recipes/food/cooked_beef_from_smoking":{"criteria":{"has_beef":"2024-09-28 01:54:33 +0000"},"done":true},"minecraft:recipes/food/cooked_porkchop":{"criteria":{"has_porkchop":"2024-09-28 01:54:33 +0000"},"done":true},"minecraft:recipes/building_blocks/dried_kelp_block":{"criteria":{"has_dried_kelp":"2024-09-28 01:54:33 +0000"},"done":true},"minecraft:recipes/food/cooked_porkchop_from_campfire_cooking":{"criteria":{"has_porkchop":"2024-09-28 01:54:33 +0000"},"done":true},"minecraft:recipes/food/cooked_porkchop_from_smoking":{"criteria":{"has_porkchop":"2024-09-28 01:54:33 +0000"},"done":true},"minecraft:recipes/food/cooked_beef":{"criteria":{"has_beef":"2024-09-28 01:54:33 +0000"},"done":true},"minecraft:recipes/food/cooked_beef_from_campfire_cooking":{"criteria":{"has_beef":"2024-09-28 01:54:33 +0000"},"done":true},"minecraft:husbandry/balanced_diet":{"criteria":{"dried_kelp":"2024-09-28 01:54:35 +0000"},"done":false},"minecraft:husbandry/root":{"criteria":{"consumed_item":"2024-09-28 01:54:35 +0000"},"done":true},"DataVersion":3955}